"V1","V2","V3","V4","V5","V6","V7","V8","V9","V10","V11","V12","V13","V14","V15","V16","V17","V18","V19","V20","V21","V22","V23","V24","V25","V26","V27","V28","V29","V30"
0,57,192.431911877485,-1,-1,-1,-1,-1,-1,-1,-1,-1,-1,-1,-1,-1,-1,-1,-1,-1,-1,-1,-1,-1,-1,-1,-1,-1,-1,-1
0,36,40,47,57,121,130,131,152,156,165,192.272524247009,-1,-1,-1,-1,-1,-1,-1,-1,-1,-1,-1,-1,-1,-1,-1,-1,-1,-1
0,107,137,199.795355424443,-1,-1,-1,-1,-1,-1,-1,-1,-1,-1,-1,-1,-1,-1,-1,-1,-1,-1,-1,-1,-1,-1,-1,-1,-1,-1
0,2,19,24,36,58,66,71,88,105,144,184,206.170069744719,-1,-1,-1,-1,-1,-1,-1,-1,-1,-1,-1,-1,-1,-1,-1,-1,-1
0,20,35,48,57,69,72,74,78,83,94,111,127,136,140,155,194,201.202820929382,-1,-1,-1,-1,-1,-1,-1,-1,-1,-1,-1,-1
0,35,45,57,73,75,77,87,99,165,187,199,202,211.797356767374,-1,-1,-1,-1,-1,-1,-1,-1,-1,-1,-1,-1,-1,-1,-1,-1
0,210.759078131496,-1,-1,-1,-1,-1,-1,-1,-1,-1,-1,-1,-1,-1,-1,-1,-1,-1,-1,-1,-1,-1,-1,-1,-1,-1,-1,-1,-1
0,4,11,13,21,35,50,57,82,90,116,180,193,203.904311253145,-1,-1,-1,-1,-1,-1,-1,-1,-1,-1,-1,-1,-1,-1,-1,-1
0,33,84,190.095410334744,-1,-1,-1,-1,-1,-1,-1,-1,-1,-1,-1,-1,-1,-1,-1,-1,-1,-1,-1,-1,-1,-1,-1,-1,-1,-1
0,4,21,27,59,73,78,105,111,137,181,208,207.730050626966,-1,-1,-1,-1,-1,-1,-1,-1,-1,-1,-1,-1,-1,-1,-1,-1,-1
0,144,194.251831781071,-1,-1,-1,-1,-1,-1,-1,-1,-1,-1,-1,-1,-1,-1,-1,-1,-1,-1,-1,-1,-1,-1,-1,-1,-1,-1,-1
0,3,7,8,13,43,44,57,103,124,144,161,165,173,178,186.066996161117,-1,-1,-1,-1,-1,-1,-1,-1,-1,-1,-1,-1,-1,-1
0,36,61,73,79,117,125,140,145,153,156,164,201.342294520432,-1,-1,-1,-1,-1,-1,-1,-1,-1,-1,-1,-1,-1,-1,-1,-1,-1
0,13,49,69,81,98,112,124,178,188,193,194.973653475153,-1,-1,-1,-1,-1,-1,-1,-1,-1,-1,-1,-1,-1,-1,-1,-1,-1,-1
0,10,42,49,78,107,114,154,162,177,198.165310830801,-1,-1,-1,-1,-1,-1,-1,-1,-1,-1,-1,-1,-1,-1,-1,-1,-1,-1,-1
0,201,203.460292226272,-1,-1,-1,-1,-1,-1,-1,-1,-1,-1,-1,-1,-1,-1,-1,-1,-1,-1,-1,-1,-1,-1,-1,-1,-1,-1,-1
0,13,65,72,76,98,142,187,199.807428223367,-1,-1,-1,-1,-1,-1,-1,-1,-1,-1,-1,-1,-1,-1,-1,-1,-1,-1,-1,-1,-1
0,18,79,112,119,133,148,172,193,196,195.744914480934,-1,-1,-1,-1,-1,-1,-1,-1,-1,-1,-1,-1,-1,-1,-1,-1,-1,-1,-1
0,7,19,30,31,60,70,76,84,100,143,172,174,177,184,186,192.816968538152,-1,-1,-1,-1,-1,-1,-1,-1,-1,-1,-1,-1,-1
0,5,14,22,28,40,51,52,57,67,81,82,90,108,133,136,141,144,150,181,187.716976742373,-1,-1,-1,-1,-1,-1,-1,-1,-1
0,15,19,118,127,161,185,206,209.398030210396,-1,-1,-1,-1,-1,-1,-1,-1,-1,-1,-1,-1,-1,-1,-1,-1,-1,-1,-1,-1,-1
0,5,31,36,46,73,98,100,119,123,124,125,138,150,182.193895553576,-1,-1,-1,-1,-1,-1,-1,-1,-1,-1,-1,-1,-1,-1,-1
0,8,39,47,59,68,97,113,130,145,157,186,199.85515707724,-1,-1,-1,-1,-1,-1,-1,-1,-1,-1,-1,-1,-1,-1,-1,-1,-1
0,6,7,37,62,72,104,105,109,119,159,181,201.63954668596,-1,-1,-1,-1,-1,-1,-1,-1,-1,-1,-1,-1,-1,-1,-1,-1,-1
0,2,6,20,27,28,82,87,94,106,114,115,135,148,150,167,182,185,189,197,201,202.265073118751,-1,-1,-1,-1,-1,-1,-1,-1
0,21,196.830381626149,-1,-1,-1,-1,-1,-1,-1,-1,-1,-1,-1,-1,-1,-1,-1,-1,-1,-1,-1,-1,-1,-1,-1,-1,-1,-1,-1
0,44,50,52,66,106,141,174,193,195.401487976831,-1,-1,-1,-1,-1,-1,-1,-1,-1,-1,-1,-1,-1,-1,-1,-1,-1,-1,-1,-1
0,27,34,75,94,108,148,152,173,190,194,197.336037528559,-1,-1,-1,-1,-1,-1,-1,-1,-1,-1,-1,-1,-1,-1,-1,-1,-1,-1
0,186.040974990362,-1,-1,-1,-1,-1,-1,-1,-1,-1,-1,-1,-1,-1,-1,-1,-1,-1,-1,-1,-1,-1,-1,-1,-1,-1,-1,-1,-1
0,6,7,16,54,57,61,78,94,100,117,120,127,177,179,198.512947314694,-1,-1,-1,-1,-1,-1,-1,-1,-1,-1,-1,-1,-1,-1
0,80,114,115,133,142,148,156,190,201.303073668052,-1,-1,-1,-1,-1,-1,-1,-1,-1,-1,-1,-1,-1,-1,-1,-1,-1,-1,-1,-1
0,6,22,224.480102685803,-1,-1,-1,-1,-1,-1,-1,-1,-1,-1,-1,-1,-1,-1,-1,-1,-1,-1,-1,-1,-1,-1,-1,-1,-1,-1
0,9,14,24,25,26,43,58,90,97,98,118,138,161,164,173,178,194,203,202.342735775534,-1,-1,-1,-1,-1,-1,-1,-1,-1,-1
0,9,18,34,42,46,48,60,61,65,75,79,87,111,115,120,125,137,154,171,179,196,206.965435441451,-1,-1,-1,-1,-1,-1,-1
0,3,47,72,113,114,152,161,165,183,189,191,203.523008916998,-1,-1,-1,-1,-1,-1,-1,-1,-1,-1,-1,-1,-1,-1,-1,-1,-1
0,202.202559881005,-1,-1,-1,-1,-1,-1,-1,-1,-1,-1,-1,-1,-1,-1,-1,-1,-1,-1,-1,-1,-1,-1,-1,-1,-1,-1,-1,-1
0,35,39,54,58,70,124,139,145,169,200,202,203.762978250101,-1,-1,-1,-1,-1,-1,-1,-1,-1,-1,-1,-1,-1,-1,-1,-1,-1
0,8,12,26,35,51,54,67,105,115,143,144,147,157,158,162,165,180,197,201.656193416114,-1,-1,-1,-1,-1,-1,-1,-1,-1,-1
0,1,51,79,91,97,102,107,110,142,164,166,173,184,209.422613980829,-1,-1,-1,-1,-1,-1,-1,-1,-1,-1,-1,-1,-1,-1,-1
0,4,5,14,20,26,37,60,64,72,73,74,75,93,108,115,126,145,154,173,182,190,191,193,205,211.985755724395,-1,-1,-1,-1
0,105,204.45182675137,-1,-1,-1,-1,-1,-1,-1,-1,-1,-1,-1,-1,-1,-1,-1,-1,-1,-1,-1,-1,-1,-1,-1,-1,-1,-1,-1
0,36,40,41,72,78,138,139,197.282583433995,-1,-1,-1,-1,-1,-1,-1,-1,-1,-1,-1,-1,-1,-1,-1,-1,-1,-1,-1,-1,-1
0,9,24,37,56,60,61,63,66,75,92,111,119,133,139,144,150,155,171,181,184,186,192,196,203.935378398204,-1,-1,-1,-1,-1
0,15,27,32,44,55,97,109,134,141,154,187,199.941666478082,-1,-1,-1,-1,-1,-1,-1,-1,-1,-1,-1,-1,-1,-1,-1,-1,-1
0,5,20,54,76,77,79,101,125,129,157,159,168,171,180,184,185,213.728674628493,-1,-1,-1,-1,-1,-1,-1,-1,-1,-1,-1,-1
0,2,15,25,59,63,84,99,112,136,141,178,185,194,204,206.605435447311,-1,-1,-1,-1,-1,-1,-1,-1,-1,-1,-1,-1,-1,-1
0,1,3,4,28,35,49,59,69,87,101,102,108,118,125,136,165,174,176,183,193,207.910206071581,-1,-1,-1,-1,-1,-1,-1,-1
0,29,32,39,63,69,88,103,140,141,146,190.227895243993,-1,-1,-1,-1,-1,-1,-1,-1,-1,-1,-1,-1,-1,-1,-1,-1,-1,-1
0,4,36,49,51,67,111,129,159,166,178,185,191.869088446639,-1,-1,-1,-1,-1,-1,-1,-1,-1,-1,-1,-1,-1,-1,-1,-1,-1
0,13,59,139,145,170,184,188,194.975754180541,-1,-1,-1,-1,-1,-1,-1,-1,-1,-1,-1,-1,-1,-1,-1,-1,-1,-1,-1,-1,-1
0,1,8,9,11,20,21,36,37,40,41,42,43,61,65,97,104,140,144,150,174,177,193.889662775122,-1,-1,-1,-1,-1,-1,-1
0,48,59,102,118,121,145,194,205,206.668664677522,-1,-1,-1,-1,-1,-1,-1,-1,-1,-1,-1,-1,-1,-1,-1,-1,-1,-1,-1,-1
0,1,22,28,41,65,100,118,123,124,130,151,179,180,190,205.904694884972,-1,-1,-1,-1,-1,-1,-1,-1,-1,-1,-1,-1,-1,-1
0,57,206.746924339134,-1,-1,-1,-1,-1,-1,-1,-1,-1,-1,-1,-1,-1,-1,-1,-1,-1,-1,-1,-1,-1,-1,-1,-1,-1,-1,-1
0,118,126,138,200.76682697562,-1,-1,-1,-1,-1,-1,-1,-1,-1,-1,-1,-1,-1,-1,-1,-1,-1,-1,-1,-1,-1,-1,-1,-1,-1
0,38,68,117,137,176,190,195,204.996042593381,-1,-1,-1,-1,-1,-1,-1,-1,-1,-1,-1,-1,-1,-1,-1,-1,-1,-1,-1,-1,-1
0,8,74,114,125,189,196.152000701062,-1,-1,-1,-1,-1,-1,-1,-1,-1,-1,-1,-1,-1,-1,-1,-1,-1,-1,-1,-1,-1,-1,-1
0,2,5,14,22,35,39,75,79,81,85,95,100,101,105,125,145,203,209.511587093023,-1,-1,-1,-1,-1,-1,-1,-1,-1,-1,-1
0,5,27,46,71,93,103,108,201.142789075664,-1,-1,-1,-1,-1,-1,-1,-1,-1,-1,-1,-1,-1,-1,-1,-1,-1,-1,-1,-1,-1
0,21,28,35,52,78,111,161,190,195.339253716803,-1,-1,-1,-1,-1,-1,-1,-1,-1,-1,-1,-1,-1,-1,-1,-1,-1,-1,-1,-1
0,17,64,72,81,86,117,143,175,177,198.024595126048,-1,-1,-1,-1,-1,-1,-1,-1,-1,-1,-1,-1,-1,-1,-1,-1,-1,-1,-1
0,33,88,119,130,149,176,198.158781415689,-1,-1,-1,-1,-1,-1,-1,-1,-1,-1,-1,-1,-1,-1,-1,-1,-1,-1,-1,-1,-1,-1
0,6,11,19,28,39,66,88,102,112,121,131,152,183,185,203.492402075482,-1,-1,-1,-1,-1,-1,-1,-1,-1,-1,-1,-1,-1,-1
0,2,20,21,24,31,35,37,41,47,53,54,56,59,74,96,102,105,107,132,136,165,184,194.986783652435,-1,-1,-1,-1,-1,-1
0,6,19,24,28,36,72,87,88,95,99,101,111,116,131,139,142,149,155,159,162,179,182,196,197,205.166644709366,-1,-1,-1,-1
0,4,8,46,78,94,135,157,160,184,209.238939426429,-1,-1,-1,-1,-1,-1,-1,-1,-1,-1,-1,-1,-1,-1,-1,-1,-1,-1,-1
0,1,6,17,48,65,106,124,188,196.260335812693,-1,-1,-1,-1,-1,-1,-1,-1,-1,-1,-1,-1,-1,-1,-1,-1,-1,-1,-1,-1
0,23,77,153,156,181,196.526166711126,-1,-1,-1,-1,-1,-1,-1,-1,-1,-1,-1,-1,-1,-1,-1,-1,-1,-1,-1,-1,-1,-1,-1
0,204.07760159834,-1,-1,-1,-1,-1,-1,-1,-1,-1,-1,-1,-1,-1,-1,-1,-1,-1,-1,-1,-1,-1,-1,-1,-1,-1,-1,-1,-1
0,36,38,72,76,98,161,164,210.961352752404,-1,-1,-1,-1,-1,-1,-1,-1,-1,-1,-1,-1,-1,-1,-1,-1,-1,-1,-1,-1,-1
0,9,11,12,13,15,22,25,50,55,61,62,70,76,89,99,111,115,117,125,130,134,140,150,178,184,185,186.228975765933,-1,-1
0,14,17,22,27,60,67,79,113,153,160,190,196.850265360333,-1,-1,-1,-1,-1,-1,-1,-1,-1,-1,-1,-1,-1,-1,-1,-1,-1
0,47,182,209.482311853531,-1,-1,-1,-1,-1,-1,-1,-1,-1,-1,-1,-1,-1,-1,-1,-1,-1,-1,-1,-1,-1,-1,-1,-1,-1,-1
0,34,35,42,49,123,134,140,153,199.384253141202,-1,-1,-1,-1,-1,-1,-1,-1,-1,-1,-1,-1,-1,-1,-1,-1,-1,-1,-1,-1
0,10,17,18,27,38,43,44,49,50,89,95,123,125,136,141,171,174,185,186,188,191,197,199.160402429807,-1,-1,-1,-1,-1,-1
0,36,75,99,104,106,135,144,165,170,174,180.110513641457,-1,-1,-1,-1,-1,-1,-1,-1,-1,-1,-1,-1,-1,-1,-1,-1,-1,-1
0,3,37,53,67,77,96,103,128,134,141,144,192,198.530274235188,-1,-1,-1,-1,-1,-1,-1,-1,-1,-1,-1,-1,-1,-1,-1,-1
0,3,25,30,33,42,50,62,126,162,166,186,190,207.012156305367,-1,-1,-1,-1,-1,-1,-1,-1,-1,-1,-1,-1,-1,-1,-1,-1
0,3,42,102,120,140,150,165,200,215.270946725571,-1,-1,-1,-1,-1,-1,-1,-1,-1,-1,-1,-1,-1,-1,-1,-1,-1,-1,-1,-1
0,15,38,57,138,143,158,164,194,201.002864995489,-1,-1,-1,-1,-1,-1,-1,-1,-1,-1,-1,-1,-1,-1,-1,-1,-1,-1,-1,-1
0,23,120,149,168,176,188,192,197,196.925841803783,-1,-1,-1,-1,-1,-1,-1,-1,-1,-1,-1,-1,-1,-1,-1,-1,-1,-1,-1,-1
0,118,183,202.327948810314,-1,-1,-1,-1,-1,-1,-1,-1,-1,-1,-1,-1,-1,-1,-1,-1,-1,-1,-1,-1,-1,-1,-1,-1,-1,-1
0,6,7,23,24,34,51,55,65,69,75,88,90,102,104,105,108,129,131,132,136,151,154,187,190,196,200,216,218.978568121788,-1
0,1,3,5,6,10,21,27,36,39,40,47,69,75,79,95,98,114,119,122,136,137,141,143,150,158,164,197.798017814132,-1,-1
0,30,37,45,53,92,95,99,142,169,181,195,196.427716272746,-1,-1,-1,-1,-1,-1,-1,-1,-1,-1,-1,-1,-1,-1,-1,-1,-1
0,151,196.023214941636,-1,-1,-1,-1,-1,-1,-1,-1,-1,-1,-1,-1,-1,-1,-1,-1,-1,-1,-1,-1,-1,-1,-1,-1,-1,-1,-1
0,21,86,212.423824772809,-1,-1,-1,-1,-1,-1,-1,-1,-1,-1,-1,-1,-1,-1,-1,-1,-1,-1,-1,-1,-1,-1,-1,-1,-1,-1
0,14,81,97,99,105,109,111,128,155,159,174,177,194.437656142512,-1,-1,-1,-1,-1,-1,-1,-1,-1,-1,-1,-1,-1,-1,-1,-1
0,3,20,45,48,50,51,73,92,104,111,115,120,125,140,154,160,172,173,179,183,184,185,193.962070090982,-1,-1,-1,-1,-1,-1
0,119,179,180.086702128358,-1,-1,-1,-1,-1,-1,-1,-1,-1,-1,-1,-1,-1,-1,-1,-1,-1,-1,-1,-1,-1,-1,-1,-1,-1,-1
0,10,21,130,137,170,185,199,224.791062307273,-1,-1,-1,-1,-1,-1,-1,-1,-1,-1,-1,-1,-1,-1,-1,-1,-1,-1,-1,-1,-1
0,4,37,47,54,62,64,65,83,92,116,118,125,133,162,165,167,178,185,200,208,209,215.538721544977,-1,-1,-1,-1,-1,-1,-1
0,11,58,67,69,109,130,177,192.856261321369,-1,-1,-1,-1,-1,-1,-1,-1,-1,-1,-1,-1,-1,-1,-1,-1,-1,-1,-1,-1,-1
0,92,208.999532044391,-1,-1,-1,-1,-1,-1,-1,-1,-1,-1,-1,-1,-1,-1,-1,-1,-1,-1,-1,-1,-1,-1,-1,-1,-1,-1,-1
0,63,91,95,185,189,211.066929038914,-1,-1,-1,-1,-1,-1,-1,-1,-1,-1,-1,-1,-1,-1,-1,-1,-1,-1,-1,-1,-1,-1,-1
0,11,19,58,61,65,70,100,102,106,114,132,133,134,139,147,150,157,160,162,171,183,190,191,198,200.793607038256,-1,-1,-1,-1
0,15,44,60,64,75,87,113,124,132,147,149,159,165,174,175,200,200.435676598548,-1,-1,-1,-1,-1,-1,-1,-1,-1,-1,-1,-1
0,6,29,63,67,113,140,166,202.540015089661,-1,-1,-1,-1,-1,-1,-1,-1,-1,-1,-1,-1,-1,-1,-1,-1,-1,-1,-1,-1,-1
0,8,60,68,76,78,83,159,201.662454623023,-1,-1,-1,-1,-1,-1,-1,-1,-1,-1,-1,-1,-1,-1,-1,-1,-1,-1,-1,-1,-1
0,26,34,42,50,59,79,87,109,123,161,164,208.333411207955,-1,-1,-1,-1,-1,-1,-1,-1,-1,-1,-1,-1,-1,-1,-1,-1,-1
0,23,24,34,60,64,96,104,112,146,148,153,162,165,170,172,176,182,198.199706079705,-1,-1,-1,-1,-1,-1,-1,-1,-1,-1,-1
0,40,53,62,79,96,108,111,124,168,170,177,196.298850172082,-1,-1,-1,-1,-1,-1,-1,-1,-1,-1,-1,-1,-1,-1,-1,-1,-1
0,3,21,46,64,84,87,88,89,129,139,152,174,208.669940554707,-1,-1,-1,-1,-1,-1,-1,-1,-1,-1,-1,-1,-1,-1,-1,-1
0,108,199.462020997461,-1,-1,-1,-1,-1,-1,-1,-1,-1,-1,-1,-1,-1,-1,-1,-1,-1,-1,-1,-1,-1,-1,-1,-1,-1,-1,-1
0,8,105,135,160,205.59681656726,-1,-1,-1,-1,-1,-1,-1,-1,-1,-1,-1,-1,-1,-1,-1,-1,-1,-1,-1,-1,-1,-1,-1,-1
0,2,6,19,20,34,42,47,63,111,116,143,154,159,164,170,190,194.416110581555,-1,-1,-1,-1,-1,-1,-1,-1,-1,-1,-1,-1
0,2,190.470492271323,-1,-1,-1,-1,-1,-1,-1,-1,-1,-1,-1,-1,-1,-1,-1,-1,-1,-1,-1,-1,-1,-1,-1,-1,-1,-1,-1
0,3,6,23,31,41,45,48,54,55,56,74,75,89,100,105,112,122,129,138,147,169,174,175,194,198,208,209,215,214.948887237413
0,21,95,211.698805237997,-1,-1,-1,-1,-1,-1,-1,-1,-1,-1,-1,-1,-1,-1,-1,-1,-1,-1,-1,-1,-1,-1,-1,-1,-1,-1
0,37,44,55,58,66,149,173,182,193.231330932686,-1,-1,-1,-1,-1,-1,-1,-1,-1,-1,-1,-1,-1,-1,-1,-1,-1,-1,-1,-1
0,12,30,61,68,69,99,119,170,201,201.366993746427,-1,-1,-1,-1,-1,-1,-1,-1,-1,-1,-1,-1,-1,-1,-1,-1,-1,-1,-1
0,15,42,81,90,93,119,130,144,150,151,155,165,179,189,203.393764518111,-1,-1,-1,-1,-1,-1,-1,-1,-1,-1,-1,-1,-1,-1
0,74,114,131,132,200,201.506136851586,-1,-1,-1,-1,-1,-1,-1,-1,-1,-1,-1,-1,-1,-1,-1,-1,-1,-1,-1,-1,-1,-1,-1
0,9,16,19,70,109,145,160,161,167,184,186,194.099558644811,-1,-1,-1,-1,-1,-1,-1,-1,-1,-1,-1,-1,-1,-1,-1,-1,-1
0,208.454756513535,-1,-1,-1,-1,-1,-1,-1,-1,-1,-1,-1,-1,-1,-1,-1,-1,-1,-1,-1,-1,-1,-1,-1,-1,-1,-1,-1,-1
0,4,26,48,69,97,109,116,176,176.05518958754,-1,-1,-1,-1,-1,-1,-1,-1,-1,-1,-1,-1,-1,-1,-1,-1,-1,-1,-1,-1
0,17,19,53,55,60,82,85,91,119,120,147,155,168,188.823019133285,-1,-1,-1,-1,-1,-1,-1,-1,-1,-1,-1,-1,-1,-1,-1
0,24,50,72,165,181,211.594198004977,-1,-1,-1,-1,-1,-1,-1,-1,-1,-1,-1,-1,-1,-1,-1,-1,-1,-1,-1,-1,-1,-1,-1
0,12,49,69,106,141,158,161,173,187.604418245294,-1,-1,-1,-1,-1,-1,-1,-1,-1,-1,-1,-1,-1,-1,-1,-1,-1,-1,-1,-1
0,188.701901748693,-1,-1,-1,-1,-1,-1,-1,-1,-1,-1,-1,-1,-1,-1,-1,-1,-1,-1,-1,-1,-1,-1,-1,-1,-1,-1,-1,-1
0,7,16,24,25,40,54,86,97,115,161,171,230,230.293184183978,-1,-1,-1,-1,-1,-1,-1,-1,-1,-1,-1,-1,-1,-1,-1,-1
0,18,76,88,159,178,187,188,204,206.839600137585,-1,-1,-1,-1,-1,-1,-1,-1,-1,-1,-1,-1,-1,-1,-1,-1,-1,-1,-1,-1
0,4,39,187,201.897603284849,-1,-1,-1,-1,-1,-1,-1,-1,-1,-1,-1,-1,-1,-1,-1,-1,-1,-1,-1,-1,-1,-1,-1,-1,-1
0,10,21,65,169,170,205.81396963278,-1,-1,-1,-1,-1,-1,-1,-1,-1,-1,-1,-1,-1,-1,-1,-1,-1,-1,-1,-1,-1,-1,-1
0,10,11,36,67,70,75,89,90,115,118,120,125,133,145,146,153,154,175,184,201.005983222024,-1,-1,-1,-1,-1,-1,-1,-1,-1
0,8,20,22,28,29,39,49,56,63,92,95,106,108,136,148,176,186,199,210,212.819070781067,-1,-1,-1,-1,-1,-1,-1,-1,-1
0,9,32,43,48,76,77,81,94,97,98,112,128,133,136,177,196,200,205.073283462044,-1,-1,-1,-1,-1,-1,-1,-1,-1,-1,-1
0,26,64,75,92,108,110,120,133,153,168,184,201.113694725498,-1,-1,-1,-1,-1,-1,-1,-1,-1,-1,-1,-1,-1,-1,-1,-1,-1
0,5,15,39,61,92,119,125,150,199.357917785182,-1,-1,-1,-1,-1,-1,-1,-1,-1,-1,-1,-1,-1,-1,-1,-1,-1,-1,-1,-1
0,7,11,40,55,71,72,81,94,139,162,181,197,213.994638031251,-1,-1,-1,-1,-1,-1,-1,-1,-1,-1,-1,-1,-1,-1,-1,-1
0,143,210.026364339595,-1,-1,-1,-1,-1,-1,-1,-1,-1,-1,-1,-1,-1,-1,-1,-1,-1,-1,-1,-1,-1,-1,-1,-1,-1,-1,-1
0,2,9,20,33,39,45,52,59,101,129,172,197,212,216.902878814377,-1,-1,-1,-1,-1,-1,-1,-1,-1,-1,-1,-1,-1,-1,-1
0,6,30,33,53,60,62,77,97,103,112,119,131,134,146,165,179,183,187.604863016128,-1,-1,-1,-1,-1,-1,-1,-1,-1,-1,-1
0,122,139,146,160,170,199,209,209.239287443335,-1,-1,-1,-1,-1,-1,-1,-1,-1,-1,-1,-1,-1,-1,-1,-1,-1,-1,-1,-1,-1
0,12,18,29,33,34,46,50,75,98,164,166,186,192,193,195,200.105404398927,-1,-1,-1,-1,-1,-1,-1,-1,-1,-1,-1,-1,-1
0,19,28,39,41,43,57,108,131,172,198.475584710266,-1,-1,-1,-1,-1,-1,-1,-1,-1,-1,-1,-1,-1,-1,-1,-1,-1,-1,-1
0,4,34,88,111,129,139,168,169,185,193.137352443632,-1,-1,-1,-1,-1,-1,-1,-1,-1,-1,-1,-1,-1,-1,-1,-1,-1,-1,-1
0,44,214.456806719604,-1,-1,-1,-1,-1,-1,-1,-1,-1,-1,-1,-1,-1,-1,-1,-1,-1,-1,-1,-1,-1,-1,-1,-1,-1,-1,-1
0,31,62,121,136,160,168,170,201.406738333756,-1,-1,-1,-1,-1,-1,-1,-1,-1,-1,-1,-1,-1,-1,-1,-1,-1,-1,-1,-1,-1
0,7,28,31,38,62,106,108,109,122,142,150,183,201,203.145940706043,-1,-1,-1,-1,-1,-1,-1,-1,-1,-1,-1,-1,-1,-1,-1
0,3,16,70,86,93,146,163,176,199.670504439215,-1,-1,-1,-1,-1,-1,-1,-1,-1,-1,-1,-1,-1,-1,-1,-1,-1,-1,-1,-1
0,32,40,70,92,100,104,161,194.387696867148,-1,-1,-1,-1,-1,-1,-1,-1,-1,-1,-1,-1,-1,-1,-1,-1,-1,-1,-1,-1,-1
0,198.048769101139,-1,-1,-1,-1,-1,-1,-1,-1,-1,-1,-1,-1,-1,-1,-1,-1,-1,-1,-1,-1,-1,-1,-1,-1,-1,-1,-1,-1
0,201.168761511853,-1,-1,-1,-1,-1,-1,-1,-1,-1,-1,-1,-1,-1,-1,-1,-1,-1,-1,-1,-1,-1,-1,-1,-1,-1,-1,-1,-1
0,16,207.443827391331,-1,-1,-1,-1,-1,-1,-1,-1,-1,-1,-1,-1,-1,-1,-1,-1,-1,-1,-1,-1,-1,-1,-1,-1,-1,-1,-1
0,118,163,212.546201053168,-1,-1,-1,-1,-1,-1,-1,-1,-1,-1,-1,-1,-1,-1,-1,-1,-1,-1,-1,-1,-1,-1,-1,-1,-1,-1
0,54,66,80,81,93,104,105,119,141,143,149,155,184,191,197.89051874663,-1,-1,-1,-1,-1,-1,-1,-1,-1,-1,-1,-1,-1,-1
0,3,12,74,108,110,118,121,148,150,181,184,211.18438030218,-1,-1,-1,-1,-1,-1,-1,-1,-1,-1,-1,-1,-1,-1,-1,-1,-1
0,12,196.793897411721,-1,-1,-1,-1,-1,-1,-1,-1,-1,-1,-1,-1,-1,-1,-1,-1,-1,-1,-1,-1,-1,-1,-1,-1,-1,-1,-1
0,43,65,134,137,192,193,194.595253848899,-1,-1,-1,-1,-1,-1,-1,-1,-1,-1,-1,-1,-1,-1,-1,-1,-1,-1,-1,-1,-1,-1
0,39,45,71,73,116,126,127,128,141,161,164,191,208.733304093868,-1,-1,-1,-1,-1,-1,-1,-1,-1,-1,-1,-1,-1,-1,-1,-1
0,29,65,69,78,94,95,105,123,145,151,152,172,194,200,209.847519970111,-1,-1,-1,-1,-1,-1,-1,-1,-1,-1,-1,-1,-1,-1
0,144,177,204.652343437829,-1,-1,-1,-1,-1,-1,-1,-1,-1,-1,-1,-1,-1,-1,-1,-1,-1,-1,-1,-1,-1,-1,-1,-1,-1,-1
0,22,30,33,57,100,120,122,148,175,190,191,206.530165859554,-1,-1,-1,-1,-1,-1,-1,-1,-1,-1,-1,-1,-1,-1,-1,-1,-1
0,9,25,34,36,42,48,53,59,73,80,102,134,137,148,150,154,161,170,175,179,185,194,196.556875729239,-1,-1,-1,-1,-1,-1
0,1,9,20,22,32,38,48,55,68,86,104,106,112,140,151,159,175,182,191,192.514581784698,-1,-1,-1,-1,-1,-1,-1,-1,-1
0,14,41,42,49,61,64,80,213.597995150041,-1,-1,-1,-1,-1,-1,-1,-1,-1,-1,-1,-1,-1,-1,-1,-1,-1,-1,-1,-1,-1
0,6,14,56,63,64,65,98,114,155,171,200,199.790821809146,-1,-1,-1,-1,-1,-1,-1,-1,-1,-1,-1,-1,-1,-1,-1,-1,-1
0,56,106,196.031410278052,-1,-1,-1,-1,-1,-1,-1,-1,-1,-1,-1,-1,-1,-1,-1,-1,-1,-1,-1,-1,-1,-1,-1,-1,-1,-1
0,14,34,45,48,65,76,90,105,118,119,122,143,145,163,170,173,198,203.714299786563,-1,-1,-1,-1,-1,-1,-1,-1,-1,-1,-1
0,2,26,31,33,64,81,83,92,120,129,136,142,149,159,180,187,205.582379434002,-1,-1,-1,-1,-1,-1,-1,-1,-1,-1,-1,-1
0,98,116,190.510513808864,-1,-1,-1,-1,-1,-1,-1,-1,-1,-1,-1,-1,-1,-1,-1,-1,-1,-1,-1,-1,-1,-1,-1,-1,-1,-1
0,30,31,35,38,40,56,64,74,99,106,134,144,159,161,176,188,194.509580602806,-1,-1,-1,-1,-1,-1,-1,-1,-1,-1,-1,-1
0,37,45,77,110,131,157,189,197.470769930508,-1,-1,-1,-1,-1,-1,-1,-1,-1,-1,-1,-1,-1,-1,-1,-1,-1,-1,-1,-1,-1
0,26,30,40,52,57,76,78,95,97,123,142,175,188.491525899168,-1,-1,-1,-1,-1,-1,-1,-1,-1,-1,-1,-1,-1,-1,-1,-1
0,38,65,68,74,123,136,137,187,189.204775959128,-1,-1,-1,-1,-1,-1,-1,-1,-1,-1,-1,-1,-1,-1,-1,-1,-1,-1,-1,-1
0,69,99,118,170,173,192.052108040796,-1,-1,-1,-1,-1,-1,-1,-1,-1,-1,-1,-1,-1,-1,-1,-1,-1,-1,-1,-1,-1,-1,-1
0,9,26,33,44,49,72,75,94,105,106,109,116,117,118,142,148,162,169,179,184,191,200,206,225.109777794482,-1,-1,-1,-1,-1
0,9,57,62,63,75,89,93,99,106,107,137,140,142,146,152,165,178,179,205,204.60761048904,-1,-1,-1,-1,-1,-1,-1,-1,-1
0,11,13,17,19,30,67,78,93,99,104,124,135,141,144,154,167,168,187,202.744103863034,-1,-1,-1,-1,-1,-1,-1,-1,-1,-1
0,194.830055178667,-1,-1,-1,-1,-1,-1,-1,-1,-1,-1,-1,-1,-1,-1,-1,-1,-1,-1,-1,-1,-1,-1,-1,-1,-1,-1,-1,-1
0,8,10,18,26,44,59,61,83,89,91,95,104,107,138,142,155,165,183,184,186.779981689803,-1,-1,-1,-1,-1,-1,-1,-1,-1
0,1,8,28,43,55,56,57,64,67,69,106,110,130,131,141,170,174,175,182,189.556310933172,-1,-1,-1,-1,-1,-1,-1,-1,-1
0,24,35,44,62,64,71,74,78,83,114,116,140,142,155,194,204,211.727444605109,-1,-1,-1,-1,-1,-1,-1,-1,-1,-1,-1,-1
0,7,25,51,54,68,98,208.673846739005,-1,-1,-1,-1,-1,-1,-1,-1,-1,-1,-1,-1,-1,-1,-1,-1,-1,-1,-1,-1,-1,-1
0,9,32,56,82,83,96,121,127,136,163,166,175,181,195.852842784106,-1,-1,-1,-1,-1,-1,-1,-1,-1,-1,-1,-1,-1,-1,-1
0,15,22,23,24,34,72,92,114,121,132,135,140,176,195,196,208.123375268827,-1,-1,-1,-1,-1,-1,-1,-1,-1,-1,-1,-1,-1
0,9,38,47,64,87,109,158,169,198,206,207.342896570671,-1,-1,-1,-1,-1,-1,-1,-1,-1,-1,-1,-1,-1,-1,-1,-1,-1,-1
0,27,130,131,135,137,172,184.867414877067,-1,-1,-1,-1,-1,-1,-1,-1,-1,-1,-1,-1,-1,-1,-1,-1,-1,-1,-1,-1,-1,-1
0,5,74,81,84,87,93,104,126,127,130,145,169,170,172,177,204.891541017209,-1,-1,-1,-1,-1,-1,-1,-1,-1,-1,-1,-1,-1
0,26,50,114,115,121,179,180,182,201,205.105922070962,-1,-1,-1,-1,-1,-1,-1,-1,-1,-1,-1,-1,-1,-1,-1,-1,-1,-1,-1
0,25,27,68,141,153,154,162,172,197.663352755246,-1,-1,-1,-1,-1,-1,-1,-1,-1,-1,-1,-1,-1,-1,-1,-1,-1,-1,-1,-1
0,12,43,79,98,148,150,158,164,179,206.810174897468,-1,-1,-1,-1,-1,-1,-1,-1,-1,-1,-1,-1,-1,-1,-1,-1,-1,-1,-1
0,29,32,35,37,53,83,110,141,194,209.211889879708,-1,-1,-1,-1,-1,-1,-1,-1,-1,-1,-1,-1,-1,-1,-1,-1,-1,-1,-1
0,24,60,82,87,104,113,115,134,153,160,175,191,194,204,204.891497567956,-1,-1,-1,-1,-1,-1,-1,-1,-1,-1,-1,-1,-1,-1
0,66,67,72,79,127,128,135,136,138,145,149,206.42155761072,-1,-1,-1,-1,-1,-1,-1,-1,-1,-1,-1,-1,-1,-1,-1,-1,-1
0,6,210.238237275169,-1,-1,-1,-1,-1,-1,-1,-1,-1,-1,-1,-1,-1,-1,-1,-1,-1,-1,-1,-1,-1,-1,-1,-1,-1,-1,-1
0,18,30,113,120,127,140,148,166,177,198.20098889191,-1,-1,-1,-1,-1,-1,-1,-1,-1,-1,-1,-1,-1,-1,-1,-1,-1,-1,-1
0,24,26,34,50,55,78,85,92,94,96,113,129,131,143,153,196,206,209.116109146265,-1,-1,-1,-1,-1,-1,-1,-1,-1,-1,-1
0,1,28,31,39,40,42,45,55,62,64,70,78,108,137,141,151,156,161,172,178,181,185,197,199.208353679765,-1,-1,-1,-1,-1
0,3,4,38,59,74,75,94,96,98,123,137,138,146,189,199,202.957756725651,-1,-1,-1,-1,-1,-1,-1,-1,-1,-1,-1,-1,-1
0,72,198.099458335763,-1,-1,-1,-1,-1,-1,-1,-1,-1,-1,-1,-1,-1,-1,-1,-1,-1,-1,-1,-1,-1,-1,-1,-1,-1,-1,-1
0,1,30,33,50,73,91,98,108,141,143,147,178,187,202,201.745227794214,-1,-1,-1,-1,-1,-1,-1,-1,-1,-1,-1,-1,-1,-1
0,12,21,31,39,62,86,131,152,157,173,179,188,190,207.273351302887,-1,-1,-1,-1,-1,-1,-1,-1,-1,-1,-1,-1,-1,-1,-1
0,9,11,32,65,70,88,109,111,121,122,132,133,140,145,155,167,168,178.75128388721,-1,-1,-1,-1,-1,-1,-1,-1,-1,-1,-1
0,20,27,103,116,146,148,149,171,182.155918232446,-1,-1,-1,-1,-1,-1,-1,-1,-1,-1,-1,-1,-1,-1,-1,-1,-1,-1,-1,-1
0,23,58,74,81,163,168,171,177,182,196.553828996662,-1,-1,-1,-1,-1,-1,-1,-1,-1,-1,-1,-1,-1,-1,-1,-1,-1,-1,-1
0,89,90,124,133,143,155,168,183.304261612203,-1,-1,-1,-1,-1,-1,-1,-1,-1,-1,-1,-1,-1,-1,-1,-1,-1,-1,-1,-1,-1
0,5,13,14,42,52,63,84,86,87,111,179,214.82048274634,-1,-1,-1,-1,-1,-1,-1,-1,-1,-1,-1,-1,-1,-1,-1,-1,-1
0,17,54,69,72,99,101,105,113,140,142,148,160,171,190,214.881729925734,-1,-1,-1,-1,-1,-1,-1,-1,-1,-1,-1,-1,-1,-1
